"title","author","date","response"
"506","仙履奇緣預告 凱特布蘭奇還有海蓮娜寶漢卡特…","kuja"," 1/09","12"
"4554","[好雷] 仙履奇緣 短心得","luvshiou"," 3/12","10"
"4582","[普雷]片頭驚喜大於主體的仙履奇緣 ","ilove"," 3/12","2"
"4592","[普雷] 仙履奇緣 - 預告幾乎全片的傻眼","mokia918"," 3/13","29"
"4597","[普雷] 仙履奇緣觀後感 ","jinlin7028"," 3/13","10"
"4621","[微好雷] 仙履奇緣","retsuya001"," 3/13","13"
"4622","[負雷] 仙履奇緣-朝ドラ愛上多金總裁","S890127"," 3/13","12"
"4634","[新聞] 凱特布蘭琪《仙履奇緣》展邪惡 海倫娜妙扮","vupmp6"," 3/13","7"
"4636","[普雷] 仙履奇緣，其實是想吐槽 ","zn0606"," 3/13","9"
"4647","[普好雷] 仙履奇緣","stacyshu"," 3/14","8"
"4671","[好雷] 仙履奇緣 ","TCPai"," 3/14","13"
"4699","[負雷] 仙履奇緣","gcobc37695"," 3/14","X2"
"4786","[好雷] 仙履奇緣","slowbear"," 3/16","7"
"4825","[超好雷] 仙履奇緣觀後感~~~ ","dickygto"," 3/16","9"
"4833","[好無雷] 仙履奇緣","xxxxxx631"," 3/17","7"
"4839","[微負雷] 我幹嘛不看卡通的仙履奇緣","jopolulu"," 3/17","15"
"4840","[好雷] 仙履奇緣 Cinderella ","azure5209"," 3/17","7"
"4849","[新聞] 「仙履奇緣」發燒 台美票房雙冠","orz44444"," 3/17","29"
"4869","[好雷] 嗑電影：仙履奇緣","gys2"," 3/17","3"
"4898","[好雷] 仙履奇緣 ","cappa"," 3/17","2"
"4915","[感動好雷] 仙履奇緣","luckies"," 3/18","3"
"4933","[翻譯] 動畫老實說 -《仙履奇緣》(1950)","SetsunaLeo"," 3/18","12"
"5319","[好雷] 仙履奇緣：為何這次不顛覆？","dick8045"," 3/27","21"
"5374","[選片] 仙履奇緣 vs 分歧者二","kurtdh"," 3/27","31"
"12444","[討論] 仙履奇緣女主角神韻很像…","shana32"," 7/12","10"
"14422","[好雷] 仙履奇緣 ","nube3315"," 8/10","13"
"16015","[普雷]  仙履奇緣~童話故事的Happy End","misskate"," 8/26","1"
"17169","[普雷] 仙履奇緣─灰姑娘教你如何釣金龜婿","rosebyrne"," 9/08","1"
